{
    "fit_time": [
        1.2851529121398926,
        1.220902681350708,
        1.1933536529541016,
        1.1751298904418945,
        1.430708646774292
    ],
    "score_time": [
        0.2904672622680664,
        0.2884342670440674,
        0.2624340057373047,
        0.2404773235321045,
        0.33660173416137695
    ],
    "test_accuracy": [
        0.7780821917808219,
        0.7582417582417582,
        0.7445054945054945,
        0.7252747252747253,
        0.7335164835164835
    ],
    "test_balanced_accuracy": [
        0.7804566549353562,
        0.7606285947580465,
        0.7466906513595816,
        0.7282085141168334,
        0.7360702383198139
    ]
}