{
    "fit_time": [
        59.09157657623291,
        56.904850006103516,
        60.8793728351593,
        54.08531856536865,
        56.632568359375
    ],
    "score_time": [
        15.055802822113037,
        17.274309396743774,
        15.320803880691528,
        15.275895833969116,
        15.391998291015625
    ],
    "test_accuracy": [
        0.9595058339052849,
        0.9667067101424404,
        0.9613866483610778,
        0.9646473313883646,
        0.9658486356615754
    ],
    "test_balanced_accuracy": [
        0.9600741050866922,
        0.9671056435662656,
        0.9617939595254897,
        0.9651301524091823,
        0.9663315928624763
    ]
}