{
    "fit_time": [
        0.13705039024353027,
        0.13488388061523438,
        0.13283133506774902,
        0.13753890991210938,
        0.1365952491760254
    ],
    "score_time": [
        0.04459404945373535,
        0.043710947036743164,
        0.04485774040222168,
        0.04553794860839844,
        0.04444432258605957
    ],
    "test_accuracy": [
        0.636986301369863,
        0.6357388316151202,
        0.6701030927835051,
        0.6872852233676976,
        0.6426116838487973
    ],
    "test_balanced_accuracy": [
        0.6415470994726313,
        0.6432626386615748,
        0.6757883251500273,
        0.6917009910892888,
        0.6462868016819384
    ]
}