{
    "fit_time": [
        0.1651313304901123,
        0.15039300918579102,
        0.14890050888061523,
        0.17846918106079102,
        0.17237043380737305
    ],
    "score_time": [
        0.10153985023498535,
        0.11178302764892578,
        0.09720373153686523,
        0.07970261573791504,
        0.12487292289733887
    ],
    "test_accuracy": [
        0.7972602739726027,
        0.8104395604395604,
        0.7747252747252747,
        0.7335164835164835,
        0.7582417582417582
    ],
    "test_balanced_accuracy": [
        0.7997900957803753,
        0.8130193425275393,
        0.7774629225393231,
        0.736483233172537,
        0.7614886229911696
    ]
}