{
    "fit_time": [
        0.17615056037902832,
        0.17588067054748535,
        0.17328882217407227,
        0.17391467094421387,
        0.15386152267456055
    ],
    "score_time": [
        0.09217166900634766,
        0.09297704696655273,
        0.07625269889831543,
        0.09270286560058594,
        0.07802104949951172
    ],
    "test_accuracy": [
        0.8,
        0.8159340659340659,
        0.7774725274725275,
        0.7362637362637363,
        0.7554945054945055
    ],
    "test_balanced_accuracy": [
        0.8023487251064226,
        0.8183103478185445,
        0.7801510945823339,
        0.7392610109503148,
        0.7588004509481588
    ]
}