{
    "fit_time": [
        0.2204580307006836,
        0.21886348724365234,
        0.22304487228393555,
        0.23008155822753906,
        0.20803093910217285
    ],
    "score_time": [
        0.043860673904418945,
        0.036431312561035156,
        0.03333711624145508,
        0.03343796730041504,
        0.0323941707611084
    ],
    "test_accuracy": [
        0.8273972602739726,
        0.8296703296703297,
        0.8076923076923077,
        0.7692307692307693,
        0.8076923076923077
    ],
    "test_balanced_accuracy": [
        0.830123895142404,
        0.8318392748720617,
        0.8103994304758312,
        0.7719724939589115,
        0.8098888703337757
    ]
}