{
    "fit_time": [
        0.1811375617980957,
        0.22780776023864746,
        0.22626852989196777,
        0.215972900390625,
        0.21519231796264648
    ],
    "score_time": [
        0.03664660453796387,
        0.044074058532714844,
        0.0330657958984375,
        0.03384995460510254,
        0.03346061706542969
    ],
    "test_accuracy": [
        0.8328767123287671,
        0.8434065934065934,
        0.7994505494505495,
        0.782967032967033,
        0.7939560439560439
    ],
    "test_balanced_accuracy": [
        0.8352925406898172,
        0.8457650273224043,
        0.802241041672281,
        0.7861728694496096,
        0.7967932824893776
    ]
}