{
    "fit_time": [
        0.17815327644348145,
        0.1470808982849121,
        0.14182090759277344,
        0.1459805965423584,
        0.14263176918029785
    ],
    "score_time": [
        0.0900423526763916,
        0.0960836410522461,
        0.08003926277160645,
        0.0932917594909668,
        0.11449289321899414
    ],
    "test_accuracy": [
        0.7972602739726027,
        0.7857142857142857,
        0.7445054945054945,
        0.7252747252747253,
        0.7060439560439561
    ],
    "test_balanced_accuracy": [
        0.7999763765548038,
        0.7881234278775261,
        0.7473596625973536,
        0.7291036731613981,
        0.7097593895132096
    ]
}