{
    "fit_time": [
        0.12925314903259277,
        0.13427066802978516,
        0.13535690307617188,
        0.13481903076171875,
        0.13349461555480957
    ],
    "score_time": [
        0.04422473907470703,
        0.044982194900512695,
        0.04397082328796387,
        0.04433274269104004,
        0.0441431999206543
    ],
    "test_accuracy": [
        0.636986301369863,
        0.6357388316151202,
        0.6701030927835051,
        0.6872852233676976,
        0.6426116838487973
    ],
    "test_balanced_accuracy": [
        0.6415470994726313,
        0.6432626386615748,
        0.6757883251500273,
        0.6917009910892888,
        0.6462868016819384
    ]
}