{
    "fit_time": [
        0.21592497825622559,
        0.21062183380126953,
        0.21230506896972656,
        0.20854544639587402,
        0.21037721633911133
    ],
    "score_time": [
        0.03567695617675781,
        0.03757524490356445,
        0.038770198822021484,
        0.037587642669677734,
        0.039196014404296875
    ],
    "test_accuracy": [
        0.8328767123287671,
        0.8434065934065934,
        0.7994505494505495,
        0.782967032967033,
        0.7939560439560439
    ],
    "test_balanced_accuracy": [
        0.8352925406898172,
        0.8457650273224043,
        0.802241041672281,
        0.7861728694496096,
        0.7967932824893776
    ]
}