{
    "fit_time": [
        0.0008618831634521484,
        0.0006814002990722656,
        0.00067138671875,
        0.0006396770477294922,
        0.0006058216094970703
    ],
    "score_time": [
        0.0009016990661621094,
        0.0007061958312988281,
        0.0007300376892089844,
        0.0006244182586669922,
        0.0006685256958007812
    ],
    "test_accuracy": [
        0.2,
        0.2,
        0.2,
        0.2222222222222222,
        0.2222222222222222
    ],
    "test_balanced_accuracy": [
        0.16666666666666666,
        0.16666666666666666,
        0.16666666666666666,
        0.16666666666666666,
        0.16666666666666666
    ]
}