{
    "fit_time": [
        0.4628720283508301,
        0.4315304756164551,
        0.4618263244628906,
        0.44202661514282227,
        0.4543447494506836
    ],
    "score_time": [
        0.09233260154724121,
        0.10872507095336914,
        0.10582566261291504,
        0.09238910675048828,
        0.09445023536682129
    ],
    "test_accuracy": [
        0.7753424657534247,
        0.771978021978022,
        0.8296703296703297,
        0.782967032967033,
        0.7664835164835165
    ],
    "test_balanced_accuracy": [
        0.7477065111142887,
        0.7469647791204768,
        0.8021687800974728,
        0.7585495479807873,
        0.7433344744313054
    ]
}