{
    "fit_time": [
        0.23439764976501465,
        0.21916484832763672,
        0.20129752159118652,
        0.1730504035949707,
        0.1696467399597168
    ],
    "score_time": [
        0.16939258575439453,
        0.1496443748474121,
        0.22777223587036133,
        0.08784246444702148,
        0.09052658081054688
    ],
    "test_accuracy": [
        0.8356164383561644,
        0.8104395604395604,
        0.7939560439560439,
        0.7747252747252747,
        0.7939560439560439
    ],
    "test_balanced_accuracy": [
        0.8381087865033199,
        0.8131928181108509,
        0.7969212906819019,
        0.7781040863808265,
        0.7968786212843937
    ]
}