{
    "fit_time": [
        0.17426848411560059,
        0.1445167064666748,
        0.14331984519958496,
        0.1430063247680664,
        0.1718428134918213
    ],
    "score_time": [
        0.07956933975219727,
        0.09462285041809082,
        0.0783987045288086,
        0.07922554016113281,
        0.07886075973510742
    ],
    "test_accuracy": [
        0.7972602739726027,
        0.8104395604395604,
        0.7747252747252747,
        0.7335164835164835,
        0.7582417582417582
    ],
    "test_balanced_accuracy": [
        0.7997900957803753,
        0.8130193425275393,
        0.7774629225393231,
        0.736483233172537,
        0.7614886229911696
    ]
}